Index	Barcode	ID
a	GGTCTT	MG0014
a	CTGGTT	MG0026
a	AAGATA	MG0047
a	ACTTCC	Blanc_a
a	TTACGG	MG0071
a	AACGAA	MG0091
a	ATTCAT	MG0111
a	CCGACC	MG0131
a	ATCGTC	MG0013
a	CATCAA	MG0025
a	GCCTGG	MG0045
a	TGCTTG	MG0058
a	TCGCAT	MG0070
a	GGTAGA	MG0090
a	GGAGCG	MG0110
a	TTGAAC	MG0129
a	GATTAC	MG0012
a	CGAGGC	MG0024
a	CAACCG	MG0042
a	GTATGA	MG0057
a	TGGATT	MG0069
a	CCAGCT	MG0089
a	AACTCG	MG0109
a	ACCAGA	MG0128
a	CAATTC	MG0011
a	CTGCTG	MG0023
a	GAGCGG	MG0041
a	GCATAC	MG0056
a	GCGAGC	MG0068
a	GCGGCT	MG0088
a	GGAGTC	MG0102
a	GTCGCC	MG0127
a	GTCTAT	MG0010
a	GTTGAG	MG0022
a	TAGCCT	MG0040
a	TATCTA	MG0055
a	TGAATG	MG0067
a	TGGCAG	MG0087
a	ATATGC	MG0101
a	ATCCTT	MG0126
a	ATGGAT	MG0009
a	CCATGG	MG0021
a	AAGAGT	MG0039
a	CCTATG	MG0054
a	CGGTCA	MG0066
a	CGTTAG	MG0086
a	CTAATA	MG0100
a	CTAGAC	MG0124
a	CTTGCT	MG0008
a	GAAGCA	MG0020
a	GACCTC	MG0038
a	GAGGAC	MG0053
a	GCCATT	MG0065
a	GCGCAA	MG0085
a	GCTGGA	MG0099
a	GGCAAG	MG0123
a	GGTTGC	MG0007
a	GTAAGG	MG0019
a	ACTCTC	MG0037
a	TATGAT	MG0052
a	TATTCG	MG0064
a	TCAGTA	MG0084
a	TCCTGC	MG0098
a	TGCGAC	MG0116
a	AGCCGC	MG0006
a	TGCTCT	MG0018
a	TGGTTC	MG0030
a	TTAACC	MG0051
a	TTAGGT	MG0063
a	TTCCAA	MG0083
a	TTGCGC	MG0097
a	AGTAGG	MG0115
a	CGCATC	MG0024
a	GGCTTA	MG0024
b	GGTCTT	MG0142
b	CTGGTT	MG0167
b	AAGATA	MG0184
b	ACTTCC	MG0196
b	TTACGG	MG0209
b	AACGAA	MG0221
b	ATTCAT	MG0235
b	CCGACC	MG0255
b	ATCGTC	MG0141
b	CATCAA	MG0157
b	GCCTGG	MG0183
b	TGCTTG	MG0195
b	TCGCAT	MG0208
b	GGTAGA	MG0220
b	GGAGCG	MG0234
b	TTGAAC	MG0250
b	GATTAC	MG0140
b	CGAGGC	MG0156
b	CAACCG	MG0182
b	GTATGA	MG0194
b	TGGATT	MG0206
b	CCAGCT	MG0219
b	AACTCG	MG0233
b	ACCAGA	MG0249
b	CAATTC	MG0139
b	CTGCTG	MG0155
b	GAGCGG	MG0181
b	GCATAC	MG0193
b	GCGAGC	MG0205
b	GCGGCT	MG0218
b	GGAGTC	MG0231
b	GTCGCC	MG0248
b	GTCTAT	MG0138
b	GTTGAG	MG0154
b	TAGCCT	MG0178
b	TATCTA	MG0192
b	TGAATG	MG0204
b	TGGCAG	MG0217
b	ATATGC	MG0230
b	ATCCTT	MG0247
b	ATGGAT	MG0137
b	CCATGG	MG0153
b	AAGAGT	MG0177
b	CCTATG	MG0191
b	CGGTCA	MG0203
b	CGTTAG	MG0216
b	CTAATA	MG0229
b	CTAGAC	MG0243
b	CTTGCT	MG0136
b	GAAGCA	MG0152
b	GACCTC	MG0176
b	GAGGAC	MG0190
b	GCCATT	MG0202
b	GCGCAA	MG0215
b	GCTGGA	MG0227
b	GGCAAG	MG0242
b	GGTTGC	MG0135
b	GTAAGG	MG0147
b	ACTCTC	MG0172
b	TATGAT	MG0189
b	TATTCG	MG0201
b	TCAGTA	MG0214
b	TCCTGC	MG0226
b	TGCGAC	MG0240
b	AGCCGC	MG0134
b	TGCTCT	MG0146
b	TGGTTC	MG0171
b	TTAACC	MG0188
b	TTAGGT	MG0200
b	TTCCAA	MG0213
b	TTGCGC	MG0225
b	AGTAGG	MG0239
b	CGCATC	MG0012
b	GGCTTA	MG0012
c	GGTCTT	MG0267
c	CTGGTT	MG0279
c	AAGATA	MG0299
c	ACTTCC	MG0315
c	TTACGG	MG0335
c	AACGAA	MG0355
c	ATTCAT	MG0376
c	CCGACC	MG0395
c	ATCGTC	MG0266
c	CATCAA	MG0278
c	GCCTGG	MG0298
c	TGCTTG	MG0314
c	TCGCAT	MG0334
c	GGTAGA	MG0354
c	GGAGCG	MG0375
c	TTGAAC	MG0394
c	GATTAC	MG0265
c	CGAGGC	MG0277
c	CAACCG	MG0294
c	GTATGA	MG0313
c	TGGATT	MG0333
c	CCAGCT	MG0353
c	AACTCG	MG0374
c	ACCAGA	MG0393
c	CAATTC	MG0264
c	CTGCTG	MG0276
c	GAGCGG	MG0293
c	GCATAC	MG0312
c	GCGAGC	MG0332
c	GCGGCT	MG0352
c	GGAGTC	MG0373
c	GTCGCC	MG0391
c	GTCTAT	MG0263
c	GTTGAG	MG0275
c	TAGCCT	MG0292
c	TATCTA	MG0311
c	TGAATG	MG0331
c	TGGCAG	MG0351
c	ATATGC	MG0372
c	ATCCTT	MG0390
c	ATGGAT	MG0261
c	CCATGG	MG0274
c	AAGAGT	MG0291
c	CCTATG	MG0308
c	CGGTCA	MG0330
c	CGTTAG	MG0350
c	CTAATA	MG0371
c	CTAGAC	MG0389
c	CTTGCT	MG0260
c	GAAGCA	MG0273
c	GACCTC	MG0287
c	GAGGAC	MG0307
c	GCCATT	MG0329
c	GCGCAA	MG0349
c	GCTGGA	MG0370
c	GGCAAG	MG0383
c	GGTTGC	MG0259
c	GTAAGG	MG0272
c	ACTCTC	MG0284
c	TATGAT	MG0306
c	TATTCG	MG0328
c	TCAGTA	MG0348
c	TCCTGC	MG0368
c	TGCGAC	MG0382
c	AGCCGC	MG0258
c	TGCTCT	MG0271
c	TGGTTC	MG0283
c	TTAACC	MG0305
c	TTAGGT	MG0327
c	TTCCAA	MG0347
c	TTGCGC	MG0367
c	AGTAGG	MG0381
c	CGCATC	MG0042
c	GGCTTA	MG0042
d	GGTCTT	MG0409
d	CTGGTT	MG0431
d	AAGATA	MG0451
d	ACTTCC	MG0473
d	TTACGG	MG0486
d	AACGAA	MG0502
d	ATTCAT	MG0522
d	CCGACC	MG0539
d	ATCGTC	MG0408
d	CATCAA	MG0430
d	GCCTGG	MG0450
d	TGCTTG	MG0472
d	TCGCAT	MG0485
d	GGTAGA	MG0501
d	GGAGCG	MG0521
d	TTGAAC	MG0538
d	GATTAC	MG0407
d	CGAGGC	MG0429
d	CAACCG	MG0449
d	GTATGA	MG0463
d	TGGATT	MG0484
d	CCAGCT	MG0500
d	AACTCG	MG0520
d	ACCAGA	MG0537
d	CAATTC	MG0406
d	CTGCTG	MG0428
d	GAGCGG	MG0443
d	GCATAC	MG0462
d	GCGAGC	MG0483
d	GCGGCT	MG0499
d	GGAGTC	MG0519
d	GTCGCC	MG0536
d	GTCTAT	MG0405
d	GTTGAG	MG0427
d	TAGCCT	MG0442
d	TATCTA	MG0461
d	TGAATG	MG0482
d	TGGCAG	MG0498
d	ATATGC	MG0518
d	ATCCTT	MG0535
d	ATGGAT	MG0404
d	CCATGG	MG0426
d	AAGAGT	MG0441
d	CCTATG	MG0459
d	CGGTCA	MG0481
d	CGTTAG	MG0497
d	CTAATA	MG0517
d	CTAGAC	MG0534
d	CTTGCT	MG0403
d	GAAGCA	MG0425
d	GACCTC	MG0440
d	GAGGAC	MG0458
d	GCCATT	MG0480
d	GCGCAA	MG0496
d	GCTGGA	MG0516
d	GGCAAG	MG0533
d	GGTTGC	MG0402
d	GTAAGG	MG0422
d	ACTCTC	MG0436
d	TATGAT	MG0457
d	TATTCG	MG0479
d	TCAGTA	MG0495
d	TCCTGC	MG0509
d	TGCGAC	MG0530
d	AGCCGC	MG0401
d	TGCTCT	MG0421
d	TGGTTC	MG0435
d	TTAACC	MG0456
d	TTAGGT	MG0477
d	TTCCAA	MG0492
d	TTGCGC	MG0508
d	AGTAGG	MG0529
d	CGCATC	MG0057
d	GGCTTA	MG0057
e	GGTCTT	MG0558
e	CTGGTT	MG0572
e	AAGATA	MG0592
e	ACTTCC	MG0604
e	TTACGG	MG0616
e	AACGAA	MG0636
e	ATTCAT	MG0658
e	CCGACC	MG0688
e	ATCGTC	MG0557
e	CATCAA	MG0571
e	GCCTGG	MG0591
e	TGCTTG	MG0603
e	TCGCAT	MG0615
e	GGTAGA	MG0635
e	GGAGCG	MG0657
e	TTGAAC	MG0679
e	GATTAC	MG0556
e	CGAGGC	MG0570
e	CAACCG	MG0590
e	GTATGA	MG0602
e	TGGATT	MG0614
e	CCAGCT	MG0634
e	AACTCG	MG0656
e	ACCAGA	MG0678
e	CAATTC	MG0547
e	CTGCTG	MG0569
e	GAGCGG	MG0589
e	GCATAC	MG0601
e	GCGAGC	MG0613
e	GCGGCT	MG0633
e	GGAGTC	MG0655
e	GTCGCC	MG0677
e	GTCTAT	MG0546
e	GTTGAG	MG0568
e	TAGCCT	MG0588
e	TATCTA	MG0600
e	TGAATG	MG0612
e	TGGCAG	MG0632
e	ATATGC	MG0654
e	ATCCTT	MG0676
e	ATGGAT	MG0545
e	CCATGG	MG0567
e	AAGAGT	MG0587
e	CCTATG	MG0599
e	CGGTCA	MG0611
e	CGTTAG	MG0631
e	CTAATA	MG0645
e	CTAGAC	MG0675
e	CTTGCT	MG0544
e	GAAGCA	MG0566
e	GACCTC	MG0586
e	GAGGAC	MG0598
e	GCCATT	MG0610
e	GCGCAA	MG0630
e	GCTGGA	MG0644
e	GGCAAG	MG0674
e	GGTTGC	MG0543
e	GTAAGG	MG0565
e	ACTCTC	MG0585
e	TATGAT	MG0597
e	TATTCG	MG0609
e	TCAGTA	MG0629
e	TCCTGC	MG0643
e	TGCGAC	MG0673
e	AGCCGC	MG0542
e	TGCTCT	MG0564
e	TGGTTC	MG0584
e	TTAACC	MG0596
e	TTAGGT	MG0608
e	TTCCAA	MG0628
e	TTGCGC	MG0642
e	AGTAGG	MG0672
e	CGCATC	MG0013
e	GGCTTA	MG0013
f	GGTCTT	MG0701
f	CTGGTT	MG0715
f	AAGATA	MG0727
f	ACTTCC	MG0738
f	TTACGG	MG0751
f	AACGAA	MG0763
f	ATTCAT	MG0775
f	CCGACC	MG0787
f	ATCGTC	MG0700
f	CATCAA	MG0714
f	GCCTGG	MG0726
f	TGCTTG	MG0739
f	TCGCAT	MG0750
f	GGTAGA	MG0762
f	GGAGCG	MG0774
f	TTGAAC	MG0786
f	GATTAC	MG0699
f	CGAGGC	MG0713
f	CAACCG	MG0725
f	GTATGA	MG0737
f	TGGATT	MG0749
f	CCAGCT	MG0761
f	AACTCG	MG0773
f	ACCAGA	MG0785
f	CAATTC	MG0698
f	CTGCTG	MG0712
f	GAGCGG	MG0724
f	GCATAC	MG0736
f	GCGAGC	MG0760
f	GCGGCT	MG0748
f	GGAGTC	MG0772
f	GTCGCC	MG0784
f	GTCTAT	MG0697
f	GTTGAG	MG0711
f	TAGCCT	MG0723
f	TATCTA	MG0735
f	TGAATG	MG0747
f	TGGCAG	MG0759
f	ATATGC	MG0771
f	ATCCTT	MG0783
f	ATGGAT	MG0696
f	CCATGG	MG0710
f	AAGAGT	MG0722
f	CCTATG	MG0734
f	CGGTCA	MG0746
f	CGTTAG	MG0758
f	CTAATA	MG0770
f	CTAGAC	MG0782
f	CTTGCT	MG0693
f	GAAGCA	MG0707
f	GACCTC	MG0721
f	GAGGAC	MG0733
f	GCCATT	MG0745
f	GCGCAA	MG0757
f	GCTGGA	MG0769
f	GGCAAG	MG0781
f	GGTTGC	MG0692
f	GTAAGG	MG0706
f	ACTCTC	MG0720
f	TATGAT	MG0732
f	TATTCG	MG0744
f	TCAGTA	MG0756
f	TCCTGC	MG0768
f	TGCGAC	MG0780
f	AGCCGC	MG0691
f	TGCTCT	MG0705
f	TGGTTC	MG0719
f	TTAACC	MG0731
f	TTAGGT	MG0743
f	TTCCAA	MG0755
f	TTGCGC	MG0767
f	AGTAGG	MG0779
f	CGCATC	MG0025
f	GGCTTA	MG0025
g	GGTCTT	MG0798
g	CTGGTT	MG0810
g	AAGATA	MG0822
g	ACTTCC	MG0834
g	TTACGG	MG0846
g	AACGAA	MG0858
g	ATTCAT	MG0870
g	CCGACC	MG0882
g	ATCGTC	MG0797
g	CATCAA	MG0809
g	GCCTGG	MG0821
g	TGCTTG	MG0833
g	TCGCAT	MG0845
g	GGTAGA	MG0857
g	GGAGCG	MG0869
g	TTGAAC	MG0881
g	GATTAC	MG0796
g	CGAGGC	MG0808
g	CAACCG	MG0820
g	GTATGA	MG0832
g	TGGATT	MG0844
g	CCAGCT	MG0856
g	AACTCG	MG0868
g	ACCAGA	MG0880
g	CAATTC	MG0795
g	CTGCTG	MG0807
g	GAGCGG	MG0819
g	GCATAC	MG0831
g	GCGAGC	MG0843
g	GCGGCT	MG0855
g	GGAGTC	MG0867
g	GTCGCC	MG0879
g	GTCTAT	MG0794
g	GTTGAG	MG0806
g	TAGCCT	MG0818
g	TATCTA	MG0830
g	TGAATG	MG0842
g	TGGCAG	MG0854
g	ATATGC	MG0866
g	ATCCTT	MG0878
g	ATGGAT	MG0793
g	CCATGG	MG0805
g	AAGAGT	MG0817
g	CCTATG	MG0829
g	CGGTCA	MG0841
g	CGTTAG	MG0853
g	CTAATA	MG0865
g	CTAGAC	MG0877
g	CTTGCT	MG0792
g	GAAGCA	MG0804
g	GACCTC	MG0816
g	GAGGAC	MG0828
g	GCCATT	MG0840
g	GCGCAA	MG0852
g	GCTGGA	MG0864
g	GGCAAG	MG0876
g	GGTTGC	MG0791
g	GTAAGG	MG0803
g	ACTCTC	MG0815
g	TATGAT	MG0827
g	TATTCG	MG0839
g	TCAGTA	MG0851
g	TCCTGC	MG0863
g	TGCGAC	MG0875
g	AGCCGC	MG0790
g	TGCTCT	MG0802
g	TGGTTC	MG0814
g	TTAACC	MG0826
g	TTAGGT	MG0838
g	TTCCAA	MG0850
g	TTGCGC	MG0862
g	AGTAGG	MG0874
g	CGCATC	MG0045
g	GGCTTA	MG0045
h	GGTCTT	MG0893
h	CTGGTT	MG0905
h	AAGATA	MG0917
h	ACTTCC	MG0929
h	TTACGG	MG0941
h	AACGAA	MG0953
h	ATTCAT	MG0965
h	CCGACC	MG0977
h	ATCGTC	MG0892
h	CATCAA	MG0904
h	GCCTGG	MG0916
h	TGCTTG	MG0928
h	TCGCAT	MG0940
h	GGTAGA	MG0952
h	GGAGCG	MG0964
h	TTGAAC	MG0976
h	GATTAC	MG0891
h	CGAGGC	MG0903
h	CAACCG	MG0915
h	GTATGA	MG0927
h	TGGATT	MG0939
h	CCAGCT	MG0951
h	AACTCG	MG0963
h	ACCAGA	MG0975
h	CAATTC	MG0890
h	CTGCTG	MG0902
h	GAGCGG	MG0914
h	GCATAC	MG0926
h	GCGAGC	MG0938
h	GCGGCT	MG0950
h	GGAGTC	MG0962
h	GTCGCC	MG0974
h	GTCTAT	MG0889
h	GTTGAG	MG0901
h	TAGCCT	MG0913
h	TATCTA	MG0925
h	TGAATG	MG0937
h	TGGCAG	MG0949
h	ATATGC	MG0961
h	ATCCTT	MG0973
h	ATGGAT	MG0888
h	CCATGG	MG0900
h	AAGAGT	MG0912
h	CCTATG	MG0924
h	CGGTCA	MG0936
h	CGTTAG	MG0948
h	CTAATA	MG0960
h	CTAGAC	MG0972
h	CTTGCT	MG0887
h	GAAGCA	MG0899
h	GACCTC	MG0911
h	GAGGAC	MG0923
h	GCCATT	MG0935
h	GCGCAA	MG0947
h	GCTGGA	MG0959
h	GGCAAG	MG0971
h	GGTTGC	MG0886
h	GTAAGG	MG0898
h	ACTCTC	MG0910
h	TATGAT	MG0922
h	TATTCG	MG0934
h	TCAGTA	MG0946
h	TCCTGC	MG0958
h	TGCGAC	MG0970
h	AGCCGC	MG0885
h	TGCTCT	MG0897
h	TGGTTC	MG0909
h	TTAACC	MG0921
h	TTAGGT	MG0933
h	TTCCAA	MG0945
h	TTGCGC	MG0957
h	AGTAGG	MG0969
h	CGCATC	MG0058
h	GGCTTA	MG0058
i	GGTCTT	MG0988
i	CTGGTT	MG1000
i	AAGATA	MG1012
i	ACTTCC	MG1024
i	TTACGG	MG1036
i	AACGAA	MG1048
i	ATTCAT	MG1060
i	CCGACC	Blanc_i1
i	ATCGTC	MG0987
i	CATCAA	MG0999
i	GCCTGG	MG1011
i	TGCTTG	MG1023
i	TCGCAT	MG1035
i	GGTAGA	MG1047
i	GGAGCG	MG1059
i	TTGAAC	Blanc_i2
i	GATTAC	MG0986
i	CGAGGC	MG0998
i	CAACCG	MG1010
i	GTATGA	MG1022
i	TGGATT	MG1034
i	CCAGCT	MG1046
i	AACTCG	MG1058
i	ACCAGA	Blanc_i3
i	CAATTC	MG0985
i	CTGCTG	MG0997
i	GAGCGG	MG1009
i	GCATAC	MG1021
i	GCGAGC	MG1033
i	GCGGCT	MG1045
i	GGAGTC	MG1057
i	GTCGCC	Blanc_i4
i	GTCTAT	MG0984
i	GTTGAG	MG0996
i	TAGCCT	MG1008
i	TATCTA	MG1020
i	TGAATG	MG1037
i	TGGCAG	MG1044
i	ATATGC	MG1056
i	ATCCTT	Blanc_i5
i	ATGGAT	MG0983
i	CCATGG	MG0995
i	AAGAGT	MG1007
i	CCTATG	MG1019
i	CGGTCA	MG1031
i	CGTTAG	MG1043
i	CTAATA	MG1055
i	CTAGAC	Blanc_i6
i	CTTGCT	MG0982
i	GAAGCA	MG0994
i	GACCTC	MG1006
i	GAGGAC	MG1018
i	GCCATT	MG1030
i	GCGCAA	MG1042
i	GCTGGA	MG1054
i	GGCAAG	MG1066
i	GGTTGC	MG0981
i	GTAAGG	MG0993
i	ACTCTC	MG1005
i	TATGAT	MG1017
i	TATTCG	MG1029
i	TCAGTA	MG1041
i	TCCTGC	MG1053
i	TGCGAC	MG1065
i	AGCCGC	MG0980
i	TGCTCT	MG0992
i	TGGTTC	MG1004
i	TTAACC	MG1016
i	TTAGGT	MG1028
i	TTCCAA	MG1040
i	TTGCGC	MG1052
i	AGTAGG	MG1064
i	CGCATC	MG0070
i	GGCTTA	MG0070
j	GGTCTT	MG0003
j	CTGGTT	MG0017
j	AAGATA	MG0029
j	ACTTCC	MG0050
j	TTACGG	MG0062
j	AACGAA	MG0082
j	ATTCAT	MG0094
j	CCGACC	MG0114
j	ATCGTC	MG0002
j	CATCAA	MG0016
j	GCCTGG	MG0028
j	TGCTTG	MG0049
j	TCGCAT	MG0061
j	GGTAGA	MG0081
j	GGAGCG	MG0093
j	TTGAAC	MG0113
j	GATTAC	MG0001
j	CGAGGC	MG0015
j	CAACCG	MG0027
j	GTATGA	MG0048
j	TGGATT	MG0060
j	CCAGCT	MG0072
j	AACTCG	MG0092
j	ACCAGA	MG0112
j	CAATTC	MG0133
j	CTGCTG	MG0145
j	GAGCGG	MG0170
j	GCATAC	MG0187
j	GCGAGC	MG0199
j	GCGGCT	MG0212
j	GGAGTC	MG0224
j	GTCGCC	MG0238
j	GTCTAT	MG0132
j	GTTGAG	MG0144
j	TAGCCT	MG0169
j	TATCTA	MG0186
j	TGAATG	MG0198
j	TGGCAG	MG0211
j	ATATGC	MG0223
j	ATCCTT	MG0237
j	ATGGAT	MG0257
j	CCATGG	MG0270
j	AAGAGT	MG0282
j	CCTATG	MG0304
j	CGGTCA	MG0326
j	CGTTAG	MG0346
j	CTAATA	MG0366
j	CTAGAC	MG0380
j	CTTGCT	MG0256
j	GAAGCA	MG0269
j	GACCTC	MG0281
j	GAGGAC	MG0303
j	GCCATT	MG0317
j	GCGCAA	MG0345
j	GCTGGA	MG0365
j	GGCAAG	MG0379
j	GGTTGC	MG0400
j	GTAAGG	MG0420
j	ACTCTC	MG0434
j	TATGAT	MG0455
j	TATTCG	MG0476
j	TCAGTA	MG0491
j	TCCTGC	MG0507
j	TGCGAC	MG0528
j	AGCCGC	MG0396
j	TGCTCT	MG0419
j	TGGTTC	MG0433
j	TTAACC	MG0454
j	TTAGGT	MG0475
j	TTCCAA	MG0488
j	TTGCGC	MG0506
j	AGTAGG	MG0524
j	CGCATC	MG0090
j	GGCTTA	MG0090
k	GGTCTT	MG0541
k	CTGGTT	MG0561
k	AAGATA	MG0583
k	ACTTCC	MG0595
k	TTACGG	MG0607
k	AACGAA	MG0627
k	ATTCAT	MG0641
k	CCGACC	MG0671
k	ATCGTC	MG0540
k	CATCAA	MG0560
k	GCCTGG	MG0582
k	TGCTTG	MG0594
k	TCGCAT	MG0606
k	GGTAGA	MG0618
k	GGAGCG	MG0638
k	TTGAAC	MG0670
k	GATTAC	MG0690
k	CGAGGC	MG0704
k	CAACCG	MG0718
k	GTATGA	MG0730
k	TGGATT	MG0742
k	CCAGCT	MG0754
k	AACTCG	MG0766
k	ACCAGA	MG0778
k	CAATTC	MG0689
k	CTGCTG	MG0703
k	GAGCGG	MG0717
k	GCATAC	MG0729
k	GCGAGC	MG0741
k	GCGGCT	MG0753
k	GGAGTC	MG0765
k	GTCGCC	MG0777
k	GTCTAT	MG0789
k	GTTGAG	MG0801
k	TAGCCT	MG0813
k	TATCTA	MG0825
k	TGAATG	MG0837
k	TGGCAG	MG0849
k	ATATGC	MG0861
k	ATCCTT	MG0873
k	ATGGAT	MG0788
k	CCATGG	MG0800
k	AAGAGT	MG0812
k	CCTATG	MG0824
k	CGGTCA	MG0836
k	CGTTAG	MG0848
k	CTAATA	MG0860
k	CTAGAC	MG0872
k	CTTGCT	MG0884
k	GAAGCA	MG0896
k	GACCTC	MG0908
k	GAGGAC	MG0920
k	GCCATT	MG0932
k	GCGCAA	MG0944
k	GCTGGA	MG0956
k	GGCAAG	MG0968
k	GGTTGC	MG0883
k	GTAAGG	MG0895
k	ACTCTC	MG0907
k	TATGAT	MG0919
k	TATTCG	MG0931
k	TCAGTA	MG0943
k	TCCTGC	MG0955
k	TGCGAC	MG0967
k	AGCCGC	MG0989
k	TGCTCT	MG1001
k	TGGTTC	MG1013
k	TTAACC	MG1025
k	TTAGGT	MG1032
k	TTCCAA	MG1049
k	TTGCGC	MG1061
k	AGTAGG	Blanc_k1
k	CGCATC	MG0110
k	GGCTTA	MG0110
l	GGTCTT	MG0979
l	CTGGTT	MG0991
l	AAGATA	MG1003
l	ACTTCC	MG1015
l	TTACGG	MG1027
l	AACGAA	MG1039
l	ATTCAT	MG1051
l	CCGACC	MG1063
l	ATCGTC	MG0978
l	CATCAA	MG0990
l	GCCTGG	MG1002
l	TGCTTG	MG1014
l	TCGCAT	MG1026
l	GGTAGA	MG1038
l	GGAGCG	MG1050
l	TTGAAC	MG1062
l	GATTAC	Blanc_l1
l	CGAGGC	MG0143
l	CAACCG	MG0168
l	GTATGA	MG0185
l	TGGATT	MG0197
l	CCAGCT	MG0210
l	AACTCG	MG0222
l	ACCAGA	MG0236
l	CAATTC	Blanc_l2
l	CTGCTG	MG0268
l	GAGCGG	MG0280
l	GCATAC	MG0300
l	GCGAGC	MG0316
l	GCGGCT	MG0336
l	GGAGTC	MG0356
l	GTCGCC	MG0378
l	GTCTAT	Blanc_l3
l	GTTGAG	MG0418
l	TAGCCT	MG0432
l	TATCTA	MG0452
l	TGAATG	MG0474
l	TGGCAG	MG0487
l	ATATGC	MG0503
l	ATCCTT	MG0523
l	ATGGAT	Blanc_l4
l	CCATGG	MG0559
l	AAGAGT	MG0573
l	CCTATG	MG0593
l	CGGTCA	MG0605
l	CGTTAG	MG0617
l	CTAATA	MG0637
l	CTAGAC	MG0659
l	CTTGCT	Blanc_l5
l	GAAGCA	MG0702
l	GACCTC	MG0716
l	GAGGAC	MG0728
l	GCCATT	MG0740
l	GCGCAA	MG0752
l	GCTGGA	MG0764
l	GGCAAG	MG0776
l	GGTTGC	Blanc_l6
l	GTAAGG	MG0799
l	ACTCTC	MG0811
l	TATGAT	MG0823
l	TATTCG	MG0835
l	TCAGTA	MG0847
l	TCCTGC	MG0859
l	TGCGAC	MG0871
l	AGCCGC	Blanc_l7
l	TGCTCT	MG0894
l	TGGTTC	MG0906
l	TTAACC	MG0918
l	TTAGGT	MG0930
l	TTCCAA	MG0942
l	TTGCGC	MG0954
l	AGTAGG	MG0966
l	CGCATC	MG0129
l	GGCTTA	MG0129
