index	barcode	sample_name
1	GGTCTT	LLO-TEN1-1
1	CAACGT	LCA-TEN1-1_B
1	AAGTTG	LCA-GOM1-8
1	CTCTCG	LLO-GOM1-6
1	GCCGAG	BLANK3
1	TGGAGC	LCA-TEN2-11
1	ATAACC	LCA-TEN1-3
1	CATTAA	LLO-GOM1-9
2	GGTCTT	LLO-GOM1-3
2	CAACGT	LCA-TEN2-10
2	AAGTTG	LLO-GOM1-1
2	CTCTCG	LLO-GOM1-11
2	GCCGAG	LLO-TEN1-10_B
2	TGGAGC	LCA-GOM2-22
2	ATAACC	LCA-TEN2-13
2	CATTAA	LLO-GOM2-11
3	GGTCTT	LCA-GOM1-9_B
3	CAACGT	LCA-TEN1-10
3	AAGTTG	LCA-GOM1-7
3	CTCTCG	LLO-GOM2-7
3	GCCGAG	LLO-GOM2-3
3	TGGAGC	LCA-TEN2-14
3	ATAACC	LCA-TEN2-16
3	CATTAA	LCA-GOM2-11
4	GGTCTT	LCA-TEN2-19
4	CAACGT	LCA-GOM2-3
4	AAGTTG	LLO-TEN2-10
4	CTCTCG	LCA-GOM1-4
4	GCCGAG	LLO-TEN2-9
4	TGGAGC	LLO-GOM1-5_B
4	ATAACC	LCA-GOM1-5
4	CATTAA	LLO-GOM1-7
5	GGTCTT	LCA-GOM1-3
5	CAACGT	LCA-TEN1-5
5	AAGTTG	LLO-TEN1-8
5	CTCTCG	LCA-TEN1-9_B
5	GCCGAG	LLO-TEN1-3
5	TGGAGC	BLANK2
5	ATAACC	LCA-GOM2-20
5	CATTAA	LCA-GOM1-11
6	GGTCTT	LLO-TEN2-14
6	CAACGT	LCA-TEN2-8
6	AAGTTG	LCA-GOM2-10
6	CTCTCG	LCA-TEN1-6
6	GCCGAG	LCA-TEN1-4
6	TGGAGC	LLO-TEN1-6
6	ATAACC	LLO-GOM2-10_B
6	CATTAA	LLO-TEN2-15
7	GGTCTT	LCA-GOM2-7
7	CAACGT	LLO-GOM2-10
7	AAGTTG	LLO-TEN2-13
7	CTCTCG	LLO-TEN2-1
7	GCCGAG	LCA-GOM1-2
7	TGGAGC	LLO-TEN1-5
7	ATAACC	LCA-GOM1-10
7	CATTAA	LCA-TEN1-6_B
8	GGTCTT	LCA-TEN1-8
8	CAACGT	LLO-TEN2-3
8	AAGTTG	LLO-TEN1-8_B
8	CTCTCG	LCA-TEN2-9
8	GCCGAG	LLO-GOM1-2
8	TGGAGC	LLO-TEN1-2
8	ATAACC	LCA-TEN1-9
8	CATTAA	LLO-GOM2-1
9	GGTCTT	LLO-GOM2-2
9	CAACGT	LCA-TEN2-19_B
9	AAGTTG	LCA-TEN2-2
9	CTCTCG	LCA-GOM2-13
9	GCCGAG	LLO-GOM1-5
9	TGGAGC	LCA-GOM2-16
9	ATAACC	LCA-TEN1-2
9	CATTAA	LLO-GOM1-8
10	GGTCTT	LLO-TEN2-2
10	CAACGT	LLO-GOM1-4
10	AAGTTG	LLO-TEN2-7
10	CTCTCG	LLO-GOM2-8
10	GCCGAG	LLO-GOM2-7_B
10	TGGAGC	LLO-TEN1-4
10	ATAACC	LCA-GOM1-9
10	CATTAA	LCA-TEN2-12
11	GGTCTT	LLO-TEN2-12
11	CAACGT	LLO-GOM2-6
11	AAGTTG	LCA-TEN1-7
11	CTCTCG	LLO-GOM2-9
11	GCCGAG	LLO-TEN1-10
11	TGGAGC	LLO-TEN1-7
11	ATAACC	LCA-GOM2-22_B
11	CATTAA	LCA-GOM2-5
12	GGTCTT	LCA-GOM1-1
12	CAACGT	LLO-TEN1-9
12	AAGTTG	LLO-TEN1-1_B
12	CTCTCG	LCA-TEN1-1
12	GCCGAG	LCA-GOM2-2
12	TGGAGC	LCA-TEN2-11_B
12	ATAACC	LLO-GOM2-14
12	CATTAA	BLANK1
