"index"	"barcode"	"sample_name"
1	"GGTCTT"	"SCL000732"
1	"CAACGT"	"SCL000738"
1	"AAGTTG"	"SCL06620"
1	"CTCTCG"	"SCL06082"
1	"GCCGAG"	"SCL06014"
1	"TGGAGC"	"SCL05821"
1	"ATAACC"	"SCL000272"
1	"CATTAA"	"SCL05975_1"
2	"GGTCTT"	"SCL000724"
2	"CAACGT"	"SCL000752"
2	"AAGTTG"	"SCL06608"
2	"CTCTCG"	"SCL05789"
2	"GCCGAG"	"SCL06489"
2	"TGGAGC"	"SCL05784"
2	"ATAACC"	"SCL000271"
2	"CATTAA"	"SCL05975_2"
3	"GGTCTT"	"SCL000733"
3	"CAACGT"	"SCL06594"
3	"AAGTTG"	"SCL06616"
3	"CTCTCG"	"SCL06000"
3	"GCCGAG"	"SCL06489_3"
3	"TGGAGC"	"SCL05819"
3	"ATAACC"	"SCL05836"
3	"CATTAA"	"SCL06518_3"
4	"GGTCTT"	"SCL06212"
4	"CAACGT"	"SCL06216"
4	"AAGTTG"	"SCL06615"
4	"CTCTCG"	"SCL05998"
4	"GCCGAG"	"SCL05962"
4	"TGGAGC"	"SCL05818"
4	"ATAACC"	"SCL05835"
4	"CATTAA"	"SCL06518_4"
5	"GGTCTT"	"SCL06218"
5	"CAACGT"	"SCL000754"
5	"AAGTTG"	"SCL06629"
5	"CTCTCG"	"SCL06557"
5	"GCCGAG"	"SCL05764"
5	"TGGAGC"	"SCL000039"
5	"ATAACC"	"SCL05837"
5	"CATTAA"	"SCL000004_5"
6	"GGTCTT"	"SCL06217"
6	"CAACGT"	"SCL000726"
6	"AAGTTG"	"SCL06605"
6	"CTCTCG"	"SCL06012"
6	"GCCGAG"	"SCL06092"
6	"TGGAGC"	"SCL000021"
6	"ATAACC"	"SCL06193"
6	"CATTAA"	"SCL000004_6"
7	"GGTCTT"	"SCL06941"
7	"CAACGT"	"SCL06600"
7	"AAGTTG"	"SCL06249"
7	"CTCTCG"	"SCL05776"
7	"GCCGAG"	"SCL05765"
7	"TGGAGC"	"SCL000040"
7	"ATAACC"	"SCL06195"
7	"CATTAA"	"SCL06937_7"
8	"GGTCTT"	"SCL000730"
8	"CAACGT"	"SCL06938"
8	"AAGTTG"	"SCL06250"
8	"CTCTCG"	"SCL05729"
8	"GCCGAG"	"SCL05832"
8	"TGGAGC"	"SCL000004"
8	"ATAACC"	"SCL06061"
8	"CATTAA"	"SCL000726_8"
9	"GGTCTT"	"SCL000729"
9	"CAACGT"	"SCL000735"
9	"AAGTTG"	"SCL06248"
9	"CTCTCG"	"SCL05975"
9	"GCCGAG"	"SCL05987"
9	"TGGAGC"	"SCL000037"
9	"ATAACC"	"SCL000754_9"
9	"CATTAA"	"SCL06489_9"
10	"GGTCTT"	"SCL06937"
10	"CAACGT"	"SCL000731"
10	"AAGTTG"	"SCL06246"
10	"CTCTCG"	"SCL05824"
10	"GCCGAG"	"SCL05986"
10	"TGGAGC"	"SCL000262"
10	"ATAACC"	"SCL000754_10"
10	"CATTAA"	"SCL000037_10"
11	"GGTCTT"	"SCL06599"
11	"CAACGT"	"SCL000734"
11	"AAGTTG"	"SCL06247"
11	"CTCTCG"	"SCL05806"
11	"GCCGAG"	"SCL05820"
11	"TGGAGC"	"SCL000283"
11	"ATAACC"	"SCL06000_11"
11	"CATTAA"	"SCL05837_11"
12	"GGTCTT"	"SCL000727"
12	"CAACGT"	"SCL06666"
12	"AAGTTG"	"SCL05790"
12	"CTCTCG"	"SCL06059"
12	"GCCGAG"	"SCL05783"
12	"TGGAGC"	"SCL000284"
12	"ATAACC"	"SCL06000_12"
12	"CATTAA"	"NULL"
